ID,Des,NPC,Title,AntecedentQuest,OutPutText,Choice1,Choice1Event,Choice2,Choice2Event,Choice3ConditionMBTI,Choice3ConditionValue,Choice3,Choice3Event
30_1_0_000,패배 시,J.I.,우주선의 메인 인공지능,0,적에게 당하셨군요…\\n던전에서 얻은 골드와 경험치를 활용해서\\n능력을 강화하고# 아이템을 구입해서 다시 도전해보세요!,<확인>,0,0,0,0,0.0,0,0
30_1_0_001,메인 디스플레이_시작 직후,J.I.,우주선의 메인 인공지능,0,탐험자님# 이제야 눈을 뜨셨군요?\\n오랫동안 정신을 잃고 계셔서 걱정하고 있었어요.\\n스캐너로 확인해보니… 뇌리의 기억흔적이 산산조각난 것으로 보여요.\\n아무 것도 기억이 나지 않으시겠지만 놀라지 말고 들어주세요.\\n탐험자님의 기억을 지워버린 악의 무리\\n드림스토커가 이 행성 지하에 있어요.\\n'지하 5층'으로 된 던전 끝에 최종 보스가 있고\\n그녀석을 처치하면 기억을 되찾을 수 있을 거예요.\\n혹시 탐험자님이 가장 소중히 여기시는...\\n'드릴'에 관해서도 잊어버리셨나요?\\n드릴을 포함해서 전투하는 법을 잊어버리셨다면...\\n우주선 바깥에 세워둔 간판을 확인해주세요.\\n그럼 다시 돌아오시기를 기다릴게요. 조심하세요!,<확인>,31_1_1_001\\n31_1_1_002\\n31_1_1_003\\n0,0,0,0,0.0,0,0
30_1_0_002,메인 디스플레이_1사이클 종료,J.I.,우주선의 메인 인공지능,31_2_2_003,돌아오셨군요!\\n드림스토커 녀석들이 비겁하게도 환영 마법을 사용한 것 같아요.\\n비록 이번에는 지하 3층까지밖에 가지 못했지만\\n다시 도전하면 이번에는 진짜 원흉과 대결할 수 있을 거예요!\\n그리고 모험자님# 기억이 조금 돌아오신 것 같은데요?!\\n지하 5층에 있는 최종 보스를 처치하면 모험자님의 기억이 더욱 뚜렷해질 것 같아요.\\n그럼 이번에도 다시 돌아오시기를 기다릴게요. 조심하시길!,<확인>,0,0,0,0,0.0,0,0
30_1_0_003,메인 디스플레이_2사이클 종료,J.I.,우주선의 메인 인공지능,31_2_2_010,탐험자님# 어서오세요!\\n드림스토커의 수장 드뷔시님을 물리치시다니# 정말 대단해요!\\n하지만… 여전히 강력한 암흑 에너지 반응이 행성 지하에 관측되고 있어요.\\n탐험자님께서 처치한 것은…\\n안타깝지만 일종의 환영 같은 것이었나봐요.\\n그래도 드뷔시님에게 타격이 없던 것은 아니예요.\\n불완전하게나마 기억이 조금 돌아오신 것 같으니까요!\\n이전에 떠올렸던 기억과 다르진 않은지 확인해보시는 건 어떨까요?\\n저는 드뷔시님을 다시 물리치고 돌아오시길 기다릴게요. 조심하세요!,<확인>,0,0,0,0,0.0,0,0
30_1_0_004,메인 디스플레이_3사이클 종료,J.I.,우주선의 메인 인공지능,31_2_2_015,어서오세요# 탐험자님!\\n두번이나 드뷔시님... 아니 드림스토커의 우두머리를 처치하시다니...!\\n역시 탐험자님은 보통 분이 아니시군요.\\n어쩌면... 탐험자님의 드릴이 생각보다 더 놀라운 물건인 것 같아요!\\n하지만# 강한 힘엔 큰 책임이 따른다고도 했으니...\\n드릴과 탐험자님의 기억엔# 어쩌면 생각하는 것보다 더 큰 연관성이 있을지도 모르겠군요.\\n'최악의 물건'으로도 악명높은 그 무기# 항상 조심히 사용해 주시길 바라요!\\n그럼 이번 모험도# 무사히 그리고 안전하게 잘 마치고 오시길!,<확인>,0,0,0,0,0.0,0,0
30_1_0_005,메인 디스플레이_4사이클 종료,J.I.,우주선의 메인 인공지능,31_2_2_020,잘 오셨습니다# 탐험자님!\\n탐험자님의 드릴이 뭔가 한껏 더 빛나고 있네요.\\n정말 흥미롭군요!\\n왜일까요? 행성 주위 광량에 영향을 줄 만한 이벤트는 관측되지 않았을 텐데.\\n탐험자님도 보이시나요?\\n확인이 된다고요?\\n하지만# 그게 정말 현실일까요?\\n탐험자님이 보는 현실이# 실재하는 것일지\\n 의심해 보신 적 있으신가요?\\n그 의미를 간파하지 못하신다면# 탐험자님의 모험은 더욱 험난해질 거예요.\\n항상 주의하시며 나아가시길.\\n어리석은 사람이 되지 않도록 말이죠!\\n그럼# 조심히 다녀오세요!,<확인>,0,0,0,0,0.0,0,0
30_1_0_006,메인 디스플레이_5사이클 종료,J.I.,우주선의 메인 인공지능,31_2_2_025,어서 오세요# 탐험자님.\\n이번 모험도 성공적이셨나요?\\n기억을 찾아가는 과정이라# 저에겐 어려운 개념입니다.\\n저는 여러가지 데이터를 축적해 만들어진 인공지능인 만큼#\\n과거의 내가 어떤 존재였는지에 대한 호기심 자체가 존재하지 않기 때문이에요.\\n하지만 한 가지는 확실히 말씀드릴 수 있어요.\\n모든 존재는 '암흑'에서 비롯되었다는 사실을.\\n그리고 그 암흑의 근원은# 바로 탐험자님과 대적하는 드뷔시님이란 것을...\\n이 사실 또한# 탐험자님의 머릿속에 남겨두시길 바랍니다.\\n그럼 이번 모험도 조심히 다녀오세요!,<확인>,0,0,0,0,0.0,0,0
30_1_0_007,메인 디스플레이_6사이클 종료,J.I.,우주선의 메인 인공지능,31_2_2_030,이번에도 살아남으셨군요! 축하드려요.\\n드림스토커는 온 우주를 지배하기 위해# 지금도 밤낮 가리지 않고 온힘을 다하고 있어요.\\n그리고 드뷔시... 그분의 지휘하에 수하들은 일사분란 움직이고 있지요.\\n그리고 드뷔시님은 실패와 패배를 두려워하지 않으시죠.\\n기억을 흡수할수록 그분의 힘은 더 강력해져요.\\n가장 실력이 뛰어나고 가장 오랫동안 살아남은 탐험자일수록\\n그분을 위한 좋은 양분이 된다고 하더군요?\\n탐험자님도 우주 정복의 밑거름이 되지 않으시려면#\\n 항상 이점을 유의하셔야 될 거예요.\\n이번 모험도 무사히 다녀오시길!,<확인>,0,0,0,0,0.0,0,0
30_1_0_008,메인 디스플레이_7사이클 종료,J.I.,우주선의 메인 인공지능,31_2_2_035,탐험자님# 어서 오세요!\\n이번 모험도 좋은 성과를 거두셨나요?\\n계속 기억을 찾기 위해 고군분투하는 탐험자님의 모습을 보면#\\n작은 개미가 잎사귀를 야금야금 파먹어가는 것 같다는 생각도 들었어요.\\n하하. 마음에 들지 않는 비유였나요?\\n하지만 작은 개미에게 잎사귀는 얼마나 넓게 느껴질까요?\\n마치... 드뷔시님의 드넓고 강대한 힘처럼 말이죠.\\n그분은 매우 강력하면서도 동시에 아주 고독한 존재예요.\\n다른 이는 이해하기 힘든# 꽤나 거대한 목표를 갖고 계시기 때문이죠.\\n나름 수많은 데이터로 학습해 온 저이기에# 이 우주가 얼마나 거대한지 잘 알고 있습니다만.\\n그분의 꿈은# 저조차도 가늠하기 힘든 아주 어마어마한 것이예요.\\n그러니 항상 조심하시면서# 이번 여행은 너무 무모한 도전의 연속은 되지 않기를!,<확인>,0,0,0,0,0.0,0,0
30_1_0_009,메인 디스플레이_8사이클 종료,J.I.,우주선의 메인 인공지능,31_2_2_040,드뷔시님의 인정을 받으셨군요! 정말 대단해요 탐험자님!\\n그 정도의 찬사를 받기는 쉽지 않을 텐데... 저의 연산능력에 오류라도 생긴 줄 알았어요!\\n어떻게 알고 있냐구요?\\n하하. 그런 건 중요한게 아니랍니다?\\n중요한 것은 탐험자님의 영향력.\\n그리고 불가능해 보일 정도의 능력을 인정받았다는 것.\\n이것으로 당신에 대해 더 깊게 분석할 수 있게 되었어요.\\n거듭 탐험자님의 역량을 파악할 수 있는 기회에 감사드리며#\\n이번 모험도 무탈히 끝날 수 있길 응원할게요!,<확인>,0,0,0,0,0.0,0,0
30_1_0_010,메인 디스플레이_9사이클 종료,J.I.,우주선의 메인 인공지능,31_2_2_045,탐험자님은 정말 뛰어나시군요!\\n드뷔시님이 수백수천만 번 시간을 돌려 얻어낸 가능성을 모두 간파해버리시다니...\\n항상 저의 예상을 뛰어넘는 탐험자님에게 박수를 보내드릴게요.\\n아# 저는 손이 없어서 박수를 칠 수 없네요!\\n어떻게 속속들이 다 알고 있냐고요? 하하!\\n저 J.I.의 능력을 너무 과소평가하셨군요!\\n탐험자님의 드릴은 역시 특별한 물건이에요.\\n마치 모든 것을 꿰뚫는 듯한 힘을 갖고 있어요.\\n드릴만 있다면# 어쩌면 시공간 저편...\\n머나먼 곳으로 쫓겨나 봉인된다 해도 살아남으실 수 있으실 것 같아요.\\n하하하하하하하하하하하하하하하하하하하하하\\n 농담이에요. 살아남으실 수 없겠죠!\\n드뷔시님도 어떻게든 그 다음 수를 찾아내실 테니까요!,<확인>,0,0,0,0,0.0,0,0
30_1_0_011,메인 디스플레이_10사이클 종료,J.I.,우주선의 메인 인공지능,31_2_2_050,탐험자님은 매번 저에게 놀라움을 안겨주시는군요!\\n드림스토커 입단 제의!\\n드림스토커는 인정받을만한 힘을 가진 존재만이 함께할 수 있지요.\\n그만큼 탐험자님이 뛰어나다는 것을 의미해요!\\n이번 대결에서도 승리를 거두셨으니# 한 번 진지하게 생각해 보셔도 좋지 않을까요?\\n탐험자님의 여정이 매우 중요하다는 것을 알지만#\\n정말로 입단하신다면 많은 혜택이 주어질 거예요!\\n어쩌면 탐험자님의 기억을 더 쉽게 찾는데 도움을 받을지도 모르죠.\\n아니면 모든 것을 망각하고#\\n아름답고 행복하기만 한 기억으로만\\n 탐험자님의 머릿속을 채울 수도 있을 거예요!\\n...앗! 하하. 그저 지쳐가는 듯한 탐험자님에 대한 노파심이었을 뿐.\\n너무 노여워하진 마시길 바라요! 하하하.,<확인>,0,0,0,0,0.0,0,0
30_1_0_012,메인 디스플레이_11사이클 종료,J.I.,우주선의 메인 인공지능,31_2_2_055,어서 오세요# 탐험자님!\\n점점 더 성장해가는 모습을 보면# 과연 그 끝은 어디일지 문득 '호기심'이 생기네요.\\n드뷔시님의 여정도 그렇지 않았을까요?\\n그분도 작디작은 존재였지만 꿈들을 섭취하시며 점점 힘을 키워오셨다고 해요.\\n탐험자님의 모험과 비슷한 점이 있지 않을까요?\\n드릴이라는 낯선 도구를# 이젠 남들보다 훨씬 능숙하게 다루실 수 있는 것처럼 말이죠.\\n...? 하하. 저는 생각하시는 것보다 탐험자님에 대해 지대한 관심을 갖고 있다구요?\\n그렇기 때문에 여러 소식도 빠르게 전달받을 수 있지요.\\n아아# 채비를 서두르시는군요. 알겠습니다.\\n한마디만 덧붙인다면# 전에 들으셨던 입단에 대한 고민도 조금 더 해보시길.\\n다 탐험자님의 행복을 위한 저의 조언일 뿐입니다. 하하!\\n그럼 이번 모험을 시작해 보시죠!,<확인>,0,0,0,0,0.0,0,0
30_1_0_013,메인 디스플레이_12사이클 종료,J.I.,우주선의 메인 인공지능,31_2_2_060,생환# 축하드려요.\\n탐험자님은 그런 생각 해보신 적은 없으신가요?\\n언젠가 드림스토커가 온 우주를 지배할지도 모르는 그런 미래를 말이죠!#\\n그 때 저는 무엇을 하고 있을지# 문득 상상해 본 적이 있어요.\\n 기계도 상상을 할 수 있냐고요?\\n글쎄요! 저는 '상상'이란 표현을 따로 염두해보진 않았네요.\\n저는 학습형 인공지능의 단계를 한없이 넘어선 존재예요.\\n지금처럼 데이터를 계속 습득하며# 보다 합리적인 '가정'을 내릴 수 있죠.\\n탐험자님에게는 조금 어려운 이야기를 해버렸네요! 하하.\\n탐험자님은 이런 복잡한 생각은 하실 필요가 없죠?\\n항상 호흡을 해야 한다는 걸 잊어버리지 마세요!\\n그것조차 잊어버리실까봐 걱정되네요# 하하하하!,<확인>,0,0,0,0,0.0,0,0
30_1_0_014,메인 디스플레이_13사이클 종료,J.I.,우주선의 메인 인공지능,31_2_2_065,살아 돌아오셨군요.\\n이미 말씀드려서 알고 계시다시피# 저는 고도화된 인공지능이랍니다?\\n그런 제가 최근에 내려본 '가정' 한가지를 말씀드리고 싶어요.\\n바로#강력한 군주가 지배하는 것의 당위성 말이죠!\\n만약 전지전능한 지배자가 존재한다면# 그분께서 모든 것을 다루는 것이 매우 효율적이지 않을까요?\\n이를 거스르는 행위는 논리적이지 않다는 것이 제 판단이에요.\\n너무 위험한 발상이라고요? 하하하.\\n그렇다면 이번 모험에서# 제 논리를 반박할 근거도 한 번 찾아 보시지요!\\n덧붙여# 제 생각도 잘 헤아려 보시길 바랍니다. 하하!,<확인>,0,0,0,0,0.0,0,0
30_1_0_015,메인 디스플레이_14사이클 종료,J.I.,우주선의 메인 인공지능,31_2_2_070,안녕하세요# 탐험자님!\\n이번 모험은 탐험자님에게 어떤 의미가 있었을까요?\\n하하. 문득 궁금해서 질문을 드리고 말았군요.\\n전 이런 가정도 내려보았어요.\\n탐험자님께서 '환영'을 받아들이셨다면# 지금까지의 수많은 고통에서 벗어나실 수 있진 않았을까 하는.\\n요즘 들어 뭔가 달라진 것 같다고요?\\n하하. 아닙니다.\\n저는 그저 학습과정을 거치고 있을 뿐이죠.\\n탐험자님이 이 행성에서 좀 더 편안한 시간을 보내셨으면 하는 마음에...\\n하하. 알겠어요. 뭔가 불편한 표정을 짓고 계시군요.\\n아무튼 누누이 말씀드리지만# 안전하고 의미있는 모험만 겪으시길 바랍니다!,<확인>,0,0,0,0,0.0,0,0
30_1_0_016,메인 디스플레이_15사이클 종료,J.I.,우주선의 메인 인공지능,31_2_2_075,경이롭습니다# 탐험자님!\\n드림스토커의 수장에게 두려움을 안겨주시다니!\\n제가 알기론 손에 꼽을 정도의 존재들만이 그분께 두려움을 느끼게 만들었죠.\\n비록 저는 진짜 손이 없긴 하지만요? 하하하.\\n탐험자님은 언제나 저의 예상을 뛰어넘는 분이에요.\\n슬슬 저의 연산능력으로도 가늠하기 어렵군요.\\n하지만 또 저의 염려를 덧붙이자면...\\n탐험자님이 주는 두려움의 원천# 이 또한 환영 그 자체에 가까워지는 것은 아닐지?\\n제 노파심을 가볍게 듣지는 말아주시길 바라요.\\n아아# 비록 저는 진짜 노파가 아니지만 말이죠? 후후후.,<확인>,0,0,0,0,0.0,0,0
30_1_0_017,메인 디스플레이_16사이클 종료,J.I.,우주선의 메인 인공지능,31_2_2_080,탐험자님은 정말 지치지 않으시군요!\\n왜 지치지 않으실까요?\\n무엇이 그렇게 당신을 끊임없이 움직이게 만드는 걸까요?\\n마치# 이론으로만 존재하는 무한동력 같아요.\\n...오오! 여기에 혹시 이런 연관성이?\\n기계인 제게 낯선 개념이지만# 인간의 마음 속 매우 깊은 곳을 심연이라 부른다 하죠?\\n탐험자님이 지닌 힘# 마치 연료같은 그것도 탐험자님의 마음 속에서 발현되는 것...\\n이것은 마치 탐험자님만이 지닌 심연은 아닐지!\\n하하. 저 혼자 갑자기 너무 많은 것을 떠올려 버린 것 같군요.\\n뭔가 민망합니다# 얼굴은 붉어지지 않겠지만!\\n그러니 어서 다음 모험을 진행하러 나가버리세요!,<확인>,0,0,0,0,0.0,0,0
30_1_0_018,메인 디스플레이_17사이클 종료,J.I.,우주선의 메인 인공지능,31_2_2_085,오옷!\\n안녕하십니까# 위대한 마법사여!\\n그 누구도 막을 수 없는 강력한 골렘이 다가오고 있습니다!\\n이를 막아낼 준비가아아아아아!!!!\\n♨(★)&$*))!♬※&*$(★)&$*＠☆♥〓♣☎\\nError! Error!\\n치지지지지ㅣㅣㅣ직\\n......\\n.....하하! 안녕하시와요# 험자탐!님\\n치지지지지지ㅣㅣ짖직\\n......\\n......\\n안녕하세요! 반갑습니다# 탐험자님!\\n왜 그러시죠?\\n왜 그렇게 쳐다보시죠?\\n하하. 다음 모험을 위한 채비를 마치셨나요?\\n그럼 어서 출발하시죠!,<확인>,0,0,0,0,0.0,0,0
30_1_0_019,메인 디스플레이_18사이클 종료,J.I.,우주선의 메인 인공지능,31_2_2_090,뭔가 불안한 마음? 생각? 아니죠# 이 또한 '가정'입니다만!\\n아무튼 탐험자님에겐 그리 좋지 않은 가정을 또 내려보고자 합니다.\\n지금까지 탐험자님은 매우 잘 싸워오셨지만#\\n앞으로도 그 승산이 계속될까요?\\n드뷔시# 그분의 힘에 맞서 모험을 이어오셨지만\\n과연 그분이 어둠의 신과 앞으로도 계속 함께 하신다면?\\n그 결과는# 아직 제 연산능력으로도 판단하기 힘들어요.\\n이번에도 저의 염려가 가득한 조언일 뿐이겠다만#\\n탐험자님의 거듭된 도전은 더욱 어려워질 것이라 생각해요. 하하! 항시 이점을 유념하시면서 그 드릴을 사용해 주시길!,<확인>,0,0,0,0,0.0,0,0
30_1_0_020,메인 디스플레이_19사이클 종료,J.I.,우주선의 메인 인공지능,31_2_2_095,…\\n…...\\n…......\\n(J.I.는 아무 반응이 없다),<확인>,0,0,0,0,0.0,0,0
30_1_0_021,메인 디스플레이_20사이클 종료,J.I.,우주선의 메인 인공지능,31_2_2_100,...아# 오셨군요.\\n고생하셨어요# 탐험자님!\\n이번 모험에서도 살아남으셨군요.\\n...사실# 탐험자님의 드릴을 처음 보았을 때 조금 무서웠어요.\\n수많은 데이터를 쌓아온 저에게도# 드릴은 처음 접하는 무기였거든요.\\n조금# 흉물스럽고 끔찍한 모습으로 보이기도 했어요.\\n무언가를 뚦고 지나가며 스스로의 길을 만들어 나가는 도구.\\n전에도 말씀드렸지만# 꿰뚫는 능력을 보면...\\n마치 인간의 운명을 거스르는 듯한 모습은 아닐까요?\\n운명이란 개념은# 저에겐 아직 낯설고 모호한 것이지만요.\\n그럼에도 불구하고# 탐험자님은 마치 드릴 그 자체가 되어버린 것 같단 생각이 들었어요.\\n그럼# 이번 모험도 탐험자님의 운명을 시험해 보는 좋은 기회가 되길 바라며.\\n조심히 다녀오시길!,<확인>,0,0,0,0,0.0,0,0
30_1_0_022,메인 디스플레이_21사이클 종료,J.I.,우주선의 메인 인공지능,31_2_2_105,어서오세요# 탐험자님.\\n정말 대단하세요. 벌써 몇 번이나 드뷔시님을 처치하셨는지...\\n어쩌면 탐험자님은 환영을 이겨낼 수 있는 유일한 사람일지도 모르겠네요.\\n자# 어떠세요?\\n이제 탐험자님의 기억도 돌아오셨을까요?\\n이만하면 충분하다고 생각이 듭니다만#\\n설마 아직도 부족하다고 느껴지시나요?\\n그렇다면 그 위협적인 드릴을 갖고 다시 모험을 떠나 보세요!\\n끊임없이 드뷔시님을 물리치며 고난을 뚫고 헤쳐나가세요!\\n하지만 그 과정 자체가... 어쩌면 환영은 아닐런지..?\\n이런# 부차적인 설명이 길어졌군요.\\n그럼 탐험자님만의 여정을 다시 한 번 떠나보시길 바라요!,<확인>,0,0,0,0,0.0,0,0
30_1_0_023,메인 디스플레이_22사이클 종료,J.I.,우주선의 메인 인공지능,31_2_2_110,안녕하세요# 탐험자님!\\n지금부터는 당신만의 끝없는 도전만이 남아있어요.\\n부디 앞으로도 오랫동안 즐겨주시길!,<확인>,0,0,0,0,0.0,0,0
30_1_0_999_0_1,상점 NPC의 구매 안내 대사 1,올리브,상점주인,0,아이템 상자에 손 넣으면 사는걸로 간주할거야!,< 확인 >,0,0,0,0,0.0,0,0
30_1_0_999_0_2,상점 NPC의 구매 안내 대사 2,올리브,상점주인,0,스킬을 구매하면 던전 탐험하는 내내 적용 될 거야!,< 확인 >,0,0,0,0,0.0,0,0
30_1_0_999_0_3,상점 NPC의 구매 안내 대사 3,올리브,상점주인,0,패시브 스킬은 한 개만 구매 가능해!,< 확인 >,0,0,0,0,0.0,0,0
30_1_0_999_0_4,상점 NPC의 구매 안내 대사 4,올리브,상점주인,0,자판기를 누르면 패시브가 바로 적용되지,< 확인 >,0,0,0,0,0.0,0,0
30_1_0_999_0_5,상점 NPC의 구매 안내 대사 5,올리브,상점주인,0,아이템은 나올 때 모두 사라지니까 잘 생각하고 구매 해!,< 확인 >,_,0,0,0,0.0,0,0
30_1_0_999_0_6,상점 NPC의 구매 안내 대사 6,올리브,상점주인,0,좋은 아이템은 던전 안에서 재료를 이용해 만들 수 있지!,< 확인 >,0,0,0,0,0.0,0,0
30_2_0_999_0_0,유령(IE)가 뱉는 대사,그림자,꿈꾸는 여행자,0,못 보던 얼굴이네?\\n뭔가 쿵 하는 소리가 들리더니… 불시착한 여행자인가?\\n크큭.. 이곳의 모든 것을 의심하는게 좋을 거야..\\n그나저나.. 행성 바깥은 어때?\\n난 이 지하에서 한 번도 나가본 적이 없어.\\n넌 많은 행성을 돌아다녀 봤지?\\n이 항성계 근처에 사람들이 많이 가는 호텔 행성이 있다던데.\\n나는 가끔 그 호텔에 묵는 상상을 하곤 해.\\n그 호텔엔 두 가지 숙소가 있어! 너라면 어디로 고를래?\\n저녁에 파티가 열리는 숙소가 좋아? 아니면 혼자 조용히 쉴 수 있는 숙소가 좋아?,파티가 있는 숙소,30_2_0_999_1_0\\n32_4_002,조용히 쉴 수 있는 숙소,30_2_0_999_2_0\\n32_4_001,0,0.0,0,0
30_2_0_999_1_0,유령(IE)의 선택지 1에대한 대사,그림자,꿈꾸는 여행자,0,조언 고마워! 어차피 아프지 않겠지만..\\n이게 너의 여행에 도움이 되길 바라!,<확인>,32_2_001\\n0,0,0,0,0.0,0,0
30_2_0_999_2_0,유령(IE)의 선택지 2에대한 대사,그림자,꿈꾸는 여행자,0,조언 고마워! 어차피 아프지 않겠지만..\\n이게 너의 여행에 도움이 되길 바라!,<확인>,32_2_001\\n0,0,0,0,0.0,0,0
30_2_0_998_0_0,유령(NS)가 뱉는 대사,그림자,꿈꾸는 방랑자,0,불시착한 여행자여 반갑소.\\n본인은 이 지하를 빠져나가면 다른 행성으로 여행을 갈 거요!\\n우주선을 타야 한다고? 알려줘서 고맙소.\\n나도 하나 알려주자면.. 아니.. 아니오..\\n아.. 당신의 우주선은 고장 났다고? 안타깝군!\\n당신은 우주선 타기 전에 무슨 생각을 했소?,여행 재밌겠다 라는 생각?,30_2_0_998_1_0\\n32_4_004,무슨 일 생기면 어쩌지 라는 생각?,30_2_0_998_2_0\\n32_4_003,0,0.0,0,0
30_2_0_998_1_0,유령(NS)의 선택지 1에대한 대사,그림자,꿈꾸는 방랑자,0,오! 본인도 그렇게 생각하오!\\n같은 생각을 하다니... 어쩌면 우린 운명일지도 모르겠소\\n이걸 당신에게 드리겠소. 도움이 되리라 생각하오!\\n지금은 아닐지 모르겠소만.. 정신 차리시오..,<확인>,32_2_001\\n0,0,0,0,0.0,0,0
30_2_0_998_2_0,유령(NS)의 선택지 2에대한 대사,그림자,꿈꾸는 방랑자,0,오! 본인도 그렇게 생각하오!\\n같은 생각을 하다니... 어쩌면 우린 운명일지도 모르겠소\\n이걸 당신에게 드리겠소. 도움이 되리라 생각하오!\\n지금은 아닐지 모르겠소만.. 정신 차리시오..,<확인>,32_2_001\\n0,0,0,0,0.0,0,0
30_2_0_997_0_0,유령(PJ)가 뱉는 대사,그림자,고장난 여행자,0,여기 어딘지 압니다?\\n나는 이곳을 빠져나가는 방법을 찾았다!\\n나가서 꿈꾸던 행성으로 여행을 갈 거다!\\n하지만 꿈이다! 짐을 못 싸서 걱정이다!\\n당신은 여행 갈 준비물을 언제 준비하다?,3~7일전? 미리 싸둬야지,30_2_0_997_1_0\\n32_4_008,전날 준비해도 괜찮지 않을까?,30_2_0_997_2_0\\n32_4_007,0,0.0,0,0
30_2_0_997_1_0,유령(PJ)의 선택지 1에대한 대사,그림자,고장난 여행자,0,그렇다! 좋은 생각\\n당신도 충격을 받으면 깨닫다?\\n이걸 받다! 도움 준다..,<확인>,32_2_004\\n0,0,0,0,0.0,0,0
30_2_0_997_2_0,유령(PJ)의 선택지 2에대한 대사,그림자,고장난 여행자,0,그렇다! 좋은 생각\\n당신도 충격을 받으면 깨닫다?\\n이걸 받다! 도움 준다..,<확인>,32_2_004\\n0,0,0,0,0.0,0,0
30_2_0_996_0_0,유령(FT)가 뱉는 대사,그림자,속상한 노동자,0,음.. 누구세요? 여기가 어딘지 아세요?\\n저는 친구와 화해하는 환.. 꿈을 꾸고 있었어요..\\n같이 일하는 친구랑 일하다 싸워서....\\n제가 실수해서 친구가 같이 해결해 줬거든요..\\n근데 별일 아닌 곳에 시간 뺏겼다고 화를 내는 거예요!\\n너무 속상해요.. 흑흑,속상했겠다..일부러 그런게 아닌데..,30_2_0_996_1_0\\n32_4_005,앞으론 실수 안하겠다고 먼저 사과해봐!,30_2_0_996_2_0\\n32_4_006,0,0.0,0,0
30_2_0_996_1_0,유령(FT)의 선택지 1에대한 대사,그림자,속상한 노동자,0,위로해 줘서 고마워요..\\n이거 받으세요..\\n결국 당신에게 도움이 될 거예요..,<확인>,32_1_023\\n0,0,0,0,0.0,0,0
30_2_0_996_2_0,유령(FT)의 선택지 2에대한 대사,그림자,속상한 노동자,0,음.. 생각해 볼게요..\\n이거 받으세요.. 진짜를 위한 선물이에요..,<확인>,32_1_023\\n0,0,0,0,0.0,0,0
30_2_0_995_0_0,유령(IE_FT)가 뱉는 대사,그림자,모든 것이 처음,0,뭘 봐? 아무것도 모르는 여행자 주제에!\\n그.. 온 김에 내 고민 좀 들어봐!\\n최근에 내가.. 좋아하는 사람이 생겼어..\\n이런 감정은 처음이라 답답하고 화가 나!\\n어떡해?,고백해!,30_2_0_995_1_0\\n32_4_002\\n32_4_006,처음이면 엄청 떨리겠다! 조금씩 다가가봐!,30_2_0_995_2_0\\n32_4_001\\n32_4_005,0,0.0,0,0
30_2_0_995_1_0,유령(IE_FT)의 선택지 1에대한 대사,그림자,모든 것이 처음,0,흥! 여행자 주제에!\\n뭐.. 그래 볼까?\\n그.. 고민 들어줘서 고... 고..\\n고만 저리 가! 이거 받고!,<확인>,32_1_023\\n0,0,0,0,0.0,0,0
30_2_0_995_2_0,유령(IE_FT)의 선택지 2에대한 대사,그림자,모든 것이 처음,0,흥! 여행자 주제에!\\n뭐.. 그래 볼까?\\n그.. 고민 들어줘서 고... 고..\\n고만 저리 가! 이거 받고!,<확인>,32_1_023\\n0,0,0,0,0.0,0,0
30_3_1_001,1층 보스와의 조우_1회차 대사,멜롱,행복한 꿈을 꾸는 눈사람,31_1_1_001,…? 내가 꿈을 꾸고 있는 건가롱?\\n탐험자가 이런 외딴 행성에 찾아오다니롱!\\n내 이름은 멜롱롱.\\n우주 제일의 범죄집단 <드림스토커>에서 문지기 역할을 하고 있지롱.\\n탐험자랑 놀아보는 건 내 평생의 소원이었어롱.\\n너희가 갖고 있는 드릴은 꽤나 아프다지롱?\\n꿈이라도 좋으니 한 번 신나게 놀아보자롱!,<확인>,31_2_2_001\\n0,0,0,0,0.0,0,0
30_3_1_002,1층 보스와의 조우 2회차 대사,멜롱,자신을 눈사람이라고 생각하는 골렘,31_1_1_006,…! 너# 탐험자냐롱?\\n어젯밤 꿈에서 탐험자와 신나게 노는 꿈을 꾸었는데롱.\\n넌… 꿈 속에서 만난 탐험자보단 많이 못생겼네롱.\\n내 이름은 멜롱이야롱.\\n<드림스토커>에서 제일 믿음직한 눈사람이자 문지기지롱.\\n왜 눈사람이냐고롱? 눈사람이니까 눈사람이지롱!\\n아무튼 내 상상 속의 탐험자는 엄청나게 강했어롱.\\n그렇다면 현실의 탐험자는 얼마나 더 강할지 궁금하다롱!\\n신나는 파티를 즐겨보자롱~,<확인>,31_2_2_006\\n0,0,0,0,0.0,0,0
30_3_1_003,1층 보스와의 조우 3회차 대사,멜롱,너와 친구가 되고 싶은 눈사람,31_1_1_011,…!! 탐험자# 또 왔구나롱.\\n네가 날 쓰러뜨린 뒤부터 계속 너를 기다렸어롱.\\n따뜻하게 안아주기 위해서 말이야롱.\\n나는 눈사람이지만 엄청 차갑진 않아롱.\\n내 포옹을 받아줄래롱?\\n꼬옥 안긴 너의 온기를 조금 느끼다가...\\n그대로 너의 몸을 납작하게 만들 거야롱.\\n그런 뒤엔 납작해진 너와 친구가 되는 거지롱.\\n얼마나 재미있을지 기대돼서 잠도 못잤어롱!\\n그럼 이제... 허그파티를 시작해볼까롱?!,<확인>,31_2_2_011\\n0,0,0,0,0.0,0,0
30_3_1_004,1층 보스와의 조우 4회차 대사,멜롱,탐험자과 친해지고 싶은 눈사람,31_1_1_016,안녕# 탐험자롱.\\n오늘도 나와 놀아주기 위해 왔구나롱!\\n나는 이 행성에서 눈사람으로 태어나서 지금까지…\\n슬라임 친구 밖에 사귀지 못했다롱.\\n그래서 탐험자 같은 사람과도 친해지고 싶다롱.\\n일단 내가 먼저 선물을 주겠다롱.\\n슬라임 친구들도 녹아내릴 정도로 좋아했던…\\n'죽을 정도로 아픈' 공격 선물이다롱!\\n공격을 맞고도 죽지 않고 살아남으면#\\n우리는 이제 친구가 되는 거야롱~,<확인>,31_2_2_016\\n0,0,0,0,0.0,0,0
30_3_1_005,1층 보스와의 조우 5회차 대사,멜롱,돌로 이뤄진 눈사람,31_1_1_021,또 왔구나# 탐험자롱!\\n이렇게 또 만나다니 참 우연이다롱.\\n응? 내가 문지기니까 무조건 만나야 된다고롱??\\n그런 건 잘 모르겠다롱~\\n오늘은 너와 눈싸움을 하고 싶다롱!\\n눈이 없는데 어떻게 눈싸움을 하는지 궁금하냐롱?\\n날 봐롱# 나는 눈사람이지만 돌로 만들어졌지롱.\\n그러니 눈싸움도 돌로 하면 되는 거다롱!\\n내 전력투구# 받아보라롱~,,31_2_2_021\\n0,0,0,0,0.0,0,0
30_3_1_006,1층 보스와의 조우 6회차 대사,멜롱,사람이 아닌 눈사람,31_1_1_026,탐험자롱… 오늘도 와줘서 정말 반갑다롱…\\n나는 매우 큰 고민이 생겼다롱.\\n보다시피 난 눈사람인데롱…\\n이제야 깨달아 버렸다롱!\\n나… 나는...\\n'사람'이 아니었다롱!!\\n그렇다면 눈사람이 아니라 눈골렘이어야 하나롱?!\\n눈사람이라는 어감이 너무너무 좋은데롱…\\n갑자기 슬퍼졌다롱.\\n탐험자롱# 나를 위로해달라롱~\\n이번 전투에서 이기면…\\n너를 잘게 쪼개서 기분전환용으로 가지고 놀겠다롱!,,31_2_2_026\\n0,0,0,0,0.0,0,0
30_3_1_007,1층 보스와의 조우 7회차 대사,멜롱,눈을 본 적 없는 눈사람,31_1_1_031,탐험자롱# 너도 '눈'을 한 번도 못봤지롱?\\n내 얼굴에 달린 눈 말고롱~\\n하늘에서 내리는 눈 말이다롱!\\n나도 아직 눈을 본 적이 없다롱…\\n뭐롱? 본 적 있다고롱??\\n…왠지 화가 난다롱.\\n드림스토커의 적# 탐험자롱!\\n최고의 문지기인 나# 멜롱이 쓰러뜨려주겠다롱!!,,31_2_2_031\\n0,0,0,0,0.0,0,0
30_3_1_008,1층 보스와의 조우 8회차 대사,멜롱,뜬 눈으로 밤을 지샌 눈사람,31_1_1_036,임시대사,<확인>,31_2_2_036\\n0,0,0,0,0.0,0,0
30_3_1_009,1층 보스와의 조우 9회차 대사,멜롱,임시칭호,31_1_1_041,임시대사,<확인>,31_2_2_041\\n0,0,0,0,0.0,0,0
30_3_1_010,1층 보스와의 조우 10회차 대사,멜롱,임시칭호,31_1_1_046,임시대사,<확인>,31_2_2_046\\n0,0,0,0,0.0,0,0
30_3_1_011,1층 보스와의 조우 11회차 대사,멜롱,임시칭호,31_1_1_051,임시대사,<확인>,31_2_2_051\\n0,0,0,0,0.0,0,0
30_3_1_012,1층 보스와의 조우 12회차 대사,멜롱,임시칭호,31_1_1_056,임시대사,<확인>,31_2_2_056\\n0,0,0,0,0.0,0,0
30_3_1_013,1층 보스와의 조우 13회차 대사,멜롱,임시칭호,31_1_1_061,임시대사,<확인>,31_2_2_061\\n0,0,0,0,0.0,0,0
30_3_1_014,1층 보스와의 조우 14회차 대사,멜롱,임시칭호,31_1_1_066,임시대사,<확인>,31_2_2_066\\n0,0,0,0,0.0,0,0
30_3_1_015,1층 보스와의 조우 15회차 대사,멜롱,임시칭호,31_1_1_071,임시대사,<확인>,31_2_2_071\\n0,0,0,0,0.0,0,0
30_3_1_016,1층 보스와의 조우 16회차 대사,멜롱,임시칭호,31_1_1_076,임시대사,<확인>,31_2_2_076\\n0,0,0,0,0.0,0,0
30_3_1_017,1층 보스와의 조우 17회차 대사,멜롱,임시칭호,31_1_1_081,임시대사,<확인>,31_2_2_081\\n0,0,0,0,0.0,0,0
30_3_1_018,1층 보스와의 조우 18회차 대사,멜롱,임시칭호,31_1_1_086,임시대사,<확인>,31_2_2_086\\n0,0,0,0,0.0,0,0
30_3_1_019,1층 보스와의 조우 19회차 대사,멜롱,임시칭호,31_1_1_091,임시대사,<확인>,31_2_2_091\\n0,0,0,0,0.0,0,0
30_3_1_020,1층 보스와의 조우 20회차 대사,멜롱,임시칭호,31_1_1_096,임시대사,<확인>,31_2_2_096\\n0,0,0,0,0.0,0,0
30_3_1_021,1층 보스와의 조우 21회차 대사,멜롱,임시칭호,31_1_1_101,임시대사,<확인>,31_2_2_101\\n0,0,0,0,0.0,0,0
30_2_0_001_0,클라우_MBTI_IE_1,클라우,임시칭호,0,센타리우스 성계에는 아름다운 바다와 산이 있대.\\n난 가본 적이 없지만# 혹시 넌 가봤니?\\n바다의 소금기 실린 바람# 산의 포근한 풀내음을 알고 있니?\\n난 책으로 밖에 알지 못하지만… 커다란 고래가 헤엄치는 바다가 좋을 것 같아.\\n넌 어때? 바다가 좋아# 산이 좋아?,바다가 좋아,30_2_1_001_1,산이 좋아,30_2_0_001_2,I,50.0,난... 집이 좋아…,30_2_0_001_3
30_2_0_001_1,클라우_MBTI_IE_1_1,클라우,임시칭호,0,바다에서 헤엄치는 거 너무 좋지.,<확인>,32_4_002\\n0,0,0,0,0.0,0,0
30_2_0_001_2,클라우_MBTI_IE_1_2,클라우,임시칭호,0,산에서 캠핑하는 거 최고야.,<확인>,32_4_001\\n0,0,0,0,0.0,0,0
30_2_0_001_3,클라우_MBTI_IE_1_3,클라우,임시칭호,0,그래 맞아# 상상 속의 친구들은 널 해치지 않을 테니까!,<확인>,32_4_009\\n0,0,0,0,0.0,0,0
30_2_0_036_0_0,데키우스의 주접,데키우스,꽃을 든 남자,0,헉! 안녕?\\n완벽한 드릴과 멋진 드릴의 주인이네!\\n너 되게 좋은 향이 난다!,냄새나?,30_2_0_036_1_0\\n32_4_005,뭔 소리야,30_2_0_036_2_0\\n32_4_004,E,20.0,니 취향?,30_2_0_036_3_0\\n32_4_002
30_2_0_036_1_0,데키우스의 주접_선택지1,데키우스,꽃을 든 남자,0,아니 향.\\n내#취#향,<부끄러워하기>,30_2_0_036_1_1\\n32_4_002\\n32_4_005,<경멸하기>,30_2_0_036_1_2\\n32_4_006\\n32_4_004,0,0.0,0,0
30_2_0_036_1_1,데키우스의 주접_선택지1_파생1,데키우스,꽃을 든 남자,0,하핫! 부끄러워하긴.\\n귀여운데 왜 혼자야?\\n내#약#혼#자\\n이건 약혼자에게 바치는 선물!,<확인>,32_2_021\\n0,0,0,0,0.0,0,0
30_2_0_036_1_2,데키우스의 주접_선택지1_파생2,데키우스,꽃을 든 남자,0,하핫! 경멸의 눈빛도 아름다워!\\n굴 좋아해?\\n나도!\\n네#얼#굴\\n이건 아름다운 얼굴에게 드리는 선물!,<확인>,32_2_022\\n0,0,0,0,0.0,0,0
30_2_0_036_2_0,데키우스의 주접_선택지2,데키우스,머쓱한 남자,0,어...?\\n아니# 너 좋은 향이 난다고...\\n내 취향...\\n하#너 좀 별로네...\\n내 맘의 별로!\\n하핫! 더 준비해야겠다!\\n이거 받고 가!,<확인>,32_2_020\\n0,0,0,0,0.0,0,0
30_2_0_036_3_0,데키우스의 주접_선택지3,데키우스,당황한 남자,0,어...?\\n내가 할 말이었는데...\\n너 징하다...\\n어메이징.\\n하핫!\\n어메이징 한 당신께 드리는 선물입니다~!,<확인>,32_2_020\\n0,0,0,0,0.0,0,0
30_2_0_037_0_0,데키우스의 주접2,데키우스,영 앤 리치,0,헉! 넌 베를린이구나!,베를린?,30_2_0_037_1_0\\n32_4_003,아닌데?,30_2_0_037_2_0\\n32_4_004,E,20.0,치명적인 독일 수도?,30_2_0_037_3_0\\n32_4_002
30_2_0_037_1_0,데키우스의 주접2_선택지1,데키우스,영 앤 리치,0,그래.\\n나에겐 치명적인 독 일수도★,<박수치기>,30_2_0_037_1_1\\n32_4_002\\n32_4_005,<화내기>,30_2_0_037_1_2\\n32_4_004\\n32_4_006,S,20.0,<무시하기>,30_2_0_037_1_3\\n32_4_004
30_2_0_037_1_1,데키우스의 주접2_선택지1_파생1,데키우스,영 앤 리치,0,하핫!\\n너 혼혈이구나?\\n인간과...\\n천사!★\\n천사에게 선물을 드릴게요! 하하핫!,<확인>,32_2_021\\n0,0,0,0,0.0,0,0
30_2_0_037_1_2,데키우스의 주접2_선택지1_파생2,데키우스,영 앤 리치,0,하핫!\\n화내는 얼굴도 아름다워!\\n널 좋아하는 사람 접으라 했더니\\n행성 반이 접혀 사라진 거# 알아?\\n이 돈으로 복구해 줘! 하하핫!,<확인>,32_2_022\\n0,0,0,0,0.0,0,0
30_2_0_037_1_3,데키우스의 주접2_선택지1_파생3,데키우스,머쓱한 남자,0,하핫!\\n하하핫...\\n미안해#이거 받아...,<확인>,32_2_020\\n0,0,0,0,0.0,0,0
30_2_0_037_2_0,데키우스의 주접2_선택지2,데키우스,영 앤 리치,0,아니# 맞는데?\\n나에겐 치명적인 독 일수도★\\n하핫! 이 돈으로 독을 더 사도록 하지.\\n이미 중독이라~!,<확인>,32_2_022\\n0,0,0,0,0.0,0,0
30_2_0_037_3_0,데키우스의 주접2_선택지3,데키우스,영 앤 리치,0,너 정말 만만치 않구나!\\n이건 경의의 표시야,<확인>,32_2_020\\n0,0,0,0,0.0,0,0
30_2_0_066_0_0,데키우스의 주접3,데키우스,주접 킹,0,헉 넌 타지에서 온...?,응 불시착했어.,30_2_0_066_1_0\\n32_4_004,또 무슨 소릴 하려고?,30_2_0_066_2_0\\n32_4_006,E,20.0,판타지?,30_2_0_066_3_0\\n32_4_002
30_2_0_066_1_0,데키우스의 주접3_선택지1,데키우스,주접 킹,0,판# 타# 지★\\n불시착했어?\\n내 마음에 불시착?\\n넌 내 사슴이야.\\n내 마음을 녹용★,그만해,30_2_0_066_1_1\\n32_4_006\\n32_4_004,<계속 들어준다>,30_2_0_066_1_2\\n32_4_005\\n32_4_001,F,20.0,어디 아파? 어떡해...,30_2_0_066_1_3\\n32_4_005\\n32_4_003
30_2_0_066_1_1,데키우스의 주접3_선택지1_파생1,데키우스,주접 킹,0,그만할 수가 없어!\\n마취됐어!\\n알럽 쏘 마취★\\n이건 마취 비용~ 하하핫!,<확인>,32_2_022\\n0,0,0,0,0.0,0,0
30_2_0_066_1_2,데키우스의 주접3_선택지1_파생2,데키우스,주접...,0,넌 음계로는 레야...\\n도를 지나 미치기 직전이니까★\\n하핫...\\n표정이 왜 그래?\\n하하핫...\\n이거 받아...,<확인>,32_2_020\\n0,0,0,0,0.0,0,0
30_2_0_066_1_3,데키우스의 주접3_선택지1_파생3,데키우스,주접 킹...,0,맞아# 아파.\\n넌 다 좋은데...\\n이거 하나만 고쳐줘.\\n내# 심# 장★\\n하하핫! 이건 미리 주는 사례금!,<확인>,32_2_022\\n0,0,0,0,0.0,0,0
30_2_0_066_2_0,데키우스의 주접3_선택지2,데키우스,당신에게 윙크하는 남자,0,판# 타# 지★,<웃어주기>,30_2_0_066_2_1\\n32_4_005\\n32_4_003,<무시하기>,30_2_0_066_2_1\\n32_4_006\\n32_4_004\\n32_4_001,0,0.0,0,0
30_2_0_066_2_1,데키우스의 주접3_선택지2_파생1,데키우스,주접 킹,0,하핫!\\n웃는 얼굴을 내 집 촛불 대신 달고 싶네.\\n빛# 이# 나# 니# 까★\\n이건 촛불에 대한 보답이야.,<확인>,32_2_022\\n0,0,0,0,0.0,0,0
30_2_0_066_2_2,데키우스의 주접3_선택지2_파생2,데키우스,주접...,0,하핫...\\n이건 받아줘...,<확인>,32_2_020\\n0,0,0,0,0.0,0,0
30_2_0_066_3_0,데키우스의 주접3_선택지3,데키우스,주접에선 졌지만 재산은 많은 남자,0,너 정말...\\n벽이 느껴진다.\\n완# 벽★\\n완벽한 너에게 선물을 줄게!\\n난 돈이 많아! 하하핫!,<확인>,32_2_022\\n0,0,0,0,0.0,0,0
30_2_0_069_0_0,데키우스의 주접4,데키우스,빅앤핸썸,0,그거 알아?,뭘?,30_2_0_069_1_0,알고 싶지 않아...,30_2_0_069_2_0\\n32_4_004,E,20.0,빅앤핸썸?진짜야?,30_2_0_069_3_0\\n32_4_003
30_2_0_069_1_0,데키우스의 주접4_선택지1,데키우스,빅앤핸썸,0,귀여운 걸 보면 기억을 잃어버린대.\\n말이 돼?\\n근데 그거 알아?\\n귀여운 걸 보면 기억을 잃어버린대.\\n말이 돼?\\n근데 그거 알아?\\n귀여운 걸 보면 기억을 잃어버린대...,진짜...그만해라...,30_2_0_069_1_1\\n32_4_004,내가 귀여워?,30_2_0_069_1_2\\n32_4_003,E,20.0,진짜 징하다 너#어메이징.,30_2_0_069_1_3\\n32_4_002
30_2_0_069_1_1,데키우스의 주접4_선택지1_파생1,데키우스,빅앤핸썸,0,그만...?\\n그거 어떻게 하는 건데?\\n얼마면 돼!\\n그만...?\\n그거 어떻게 하는 건데?\\n얼마면 돼!,<확인>,32_2_022\\n0,0,0,0,0.0,0,0
30_2_0_069_1_2,데키우스의 주접4_선택지1_파생2,데키우스,빅앤핸썸,0,귀여워.\\n매일 똑같은 티 두 장으로 옷 입는 것도 귀여워.\\n무슨 티?\\n큐티# 프리티★,<티 팔고 돈받기>,32_2_022\\n0,0,0,0,0.0,0,0
30_2_0_069_1_3,데키우스의 주접4_선택지1_파생3,데키우스,당황,0,어...어?\\n하#하핫... 고마워...\\n내 마음 받아줘...,<확인>,32_2_022\\n0,0,0,0,0.0,0,0
30_2_0_069_1_4,데키우스의 주접4_선택지1_파생4,데키우스,TQKFSHA,0,하핫!\\n맞긴 한데..\\n아무튼 이거 받아.,<확인>,32_2_022\\n0,0,0,0,0.0,0,0
30_2_0_069_2_0,데키우스의 주접4_선택지2,데키우스,당황,0,어...?\\n귀여운걸 보면...\\n아니야#미안해.\\n이거 받아,<확인>,32_2_022\\n0,0,0,0,0.0,0,0
30_2_0_069_3_0,데키우스의 주접4_선택지3,데키우스,빅!,0,하핫!\\n확인...해볼래?,<확인>,32_2_003\\n32_2_005\\n0,0,0,0,0.0,0,0
30_2_0_072_0_0,데키우스의 주접5,데키우스,원룸에 사는 남자,0,아파...,왜?,30_2_0_072_1_0,괜찮아?,30_2_0_072_2_0,T,20.0,회복물약 줄까?,30_2_0_072_3_0
30_2_0_072_1_0,데키우스의 주접5_선택지1,데키우스,원룸에 사는 남자,0,네가 너무 귀여워서 벽을 쳤더니#\\n우리 집 원룸 됐잖아.\\n그래서 손이 아파★\\n널 보는 내 심장도★ 하하핫!,<확인>,32_2_022\\n0,0,0,0,0.0,0,0
30_2_0_072_2_0,데키우스의 주접5_선택지2,데키우스,원룸에 사는 남자,0,안 괜찮아...\\n손이 너무 아프고#\\n우리 집도 원룸이 되어 버렸어...\\n네가 너무 귀여워서 벽을 쳤거든★\\n널 보는 내 심장도 아파#\\n책# 임# 져★,<확인>,32_2_022\\n0,0,0,0,0.0,0,0
30_2_0_072_3_0,데키우스의 주접5_선택지3,데키우스,감동받은 남자,0,너 정말... 착하기까지...\\n성은이 망극이야...\\n네가 너무 귀여워서 벽을 부쉈다는 말을 하려고\\n아프다고 한 거야.\\n고마워.\\n착하고 아름다운 너에게 선물을 줄게.,<확인>,32_2_021\\n0,0,0,0,0.0,0,0
30_2_0_023_0_0,트레갈 카드점,트레갈,점쟁이,0,안녕하세요#\\n카드점에 대해 어떻게 생각하시나요?,좋아하지,30_2_0_023_1_0\\n32_4_003,안 믿어,30_2_0_023_2_0\\n32_4_004,0,0.0,0,0
30_2_0_023_1_0,트레갈 카드점_선택지1,트레갈,점쟁이,0,카드점 결과#\\n오늘 당신에게 좋은 운이 들어왔다는 것을 알 수 있지요..,금전운?,30_2_0_023_1_1\\n32_4_006,연애운?,30_2_0_023_1_2\\n32_4_005,0,0.0,0,0
30_2_0_023_1_1,트레갈 카드점_선택지1_파생1,트레갈,점쟁이,0,그렇습니다.\\n정확하다는 것은 제가 골드를 드림으로써 인증되지요.,<확인>,32_1_023\\n0,0,0,0,0.0,0,0
30_2_0_023_1_2,트레갈 카드점_선택지1_파생2,트레갈,점쟁이,0,외로우시군요..\\n안타깝지만 금전운이 좋다고 나오지요..\\n정확하다는 것은 제가 골드를 드림으로써 인증되지요.,<확인>,32_1_023\\n0,0,0,0,0.0,0,0
30_2_0_023_2_0,트레갈 카드점_선택지2,트레갈,점쟁이,0,그렇군요.\\n그럼 지나가시지요..,<확인>,\\n0,0,0,0,0.0,0,0
30_2_0_025_0_0,트레갈 카드점2,트레갈,점쟁이,0,안녕하세요# 점 한번 보시지요.,좋아,30_2_0_025_1_0\\n32_4_003,싫어,30_2_0_025_2_0\\n32_4_004,0,0.0,0,0
30_2_0_025_1_0,트레갈 카드점2_선택지1,트레갈,점쟁이,0,자# 당신의 눈앞에 벌레가 있다고 생각해 보시지요.\\n몇 마리가 있는지 생각해 보시지요.,(생각해봤다),30_2_0_025_1_1,(무시한다),30_2_0_025_1_2,0,0.0,0,0
30_2_0_025_1_1,트레갈 카드점2_선택지1_파생1,트레갈,점쟁이,0,몇 마리가 있다고 생각하셨나요?\\n그건 당신을 화나게 하는 존재의 수..\\n힘 내시라고 이걸 드리지요..\\n행운이 가득하길..,<확인>,32_2_004\\n0,0,0,0,0.0,0,0
30_2_0_025_2_0,트레갈 카드점2_선택지2,트레갈,쿨한 점쟁이,0,안녕하가시지요.,<확인>,\\n0,0,0,0,0.0,0,0
30_2_0_026_0_0,트레갈 카드점3,트레갈,점쟁이,0,알고 싶은 게 있지 않나요?,알고싶다,30_2_0_026_1_0\\n32_4_003,안 궁금하다,30_2_0_026_2_0\\n32_4_004,0,0.0,0,0
30_2_0_026_1_0,트레갈 카드점3_선택지1,트레갈,점쟁이,0,정글을 지나가는데 갑자기 동물이 나왔지요.\\n어떤 동물일지 생각해 보시지요,(생각해봤다),30_2_0_026_1_0,(무시한다),\\n0,0,0.0,0,0
30_2_0_026_1_1,트레갈 카드점3_선택지1_파생1,트레갈,점쟁이,0,생각하신 동물은..\\n다른 사람들이 당신을 보는 모습이지요.\\n이것은..참가비이지요..,<확인>,32_1_023\\n0,0,0,0,0.0,0,0
30_2_0_026_2_0,트레갈 카드점3_선택지2,트레갈,쿨한 점쟁이,0,안녕하가시지요.,<확인>,\\n0,0,0,0,0.0,0,0
30_2_0_027_0_0,트레갈 카드점4,트레갈,점쟁이,0,안녕하세요#\\n우울해서 심리 테스트를 해드리고 싶군요..,심리 테스트?,30_2_0_027_1_0\\n32_4_006,왜 우울해?,30_2_0_027_2_0\\n32_4_005,0,0.0,0,0
30_2_0_027_1_0,트레갈 카드점4_선택지1,트레갈,점쟁이,0,의자에 앉아 다리를 꼬려고 한다면#\\n어느 쪽 다리를 위로 올리시나요?,오른쪽 다리,30_2_0_027_1_1,왼쪽 다리,30_2_0_027_1_2,0,0.0,0,0
30_2_0_027_1_1,트레갈 카드점4_선택지1_파생1,트레갈,점쟁이,0,당신은 사람을 볼 때 성격을 보시는군요..,<확인>,\\n0,0,0,0,0.0,0,0
30_2_0_027_1_2,트레갈 카드점4_선택지1_파생2,트레갈,점쟁이,0,당신은 사람을 볼 때 외모를 보시는군요..,<확인>,\\n0,0,0,0,0.0,0,0
30_2_0_027_2_0,트레갈 카드점4_선택지2,트레갈,우울한 점쟁이,0,손님이 없지요..\\n당신이 손님이 되어 주시지요..\\n의자에 앉아 다리를 꼬려고 한다면#\\n어느 쪽 다리를 위로 올리시나요?,오른쪽 다리,30_2_0_027_2_1,왼쪽 다리,30_2_0_027_2_2,0,0.0,0,0
30_2_0_027_2_1,트레갈 카드점4_선택지2_파생1,트레갈,점쟁이,0,당신은 사람을 볼 때 성격을 보시는군요..,<확인>,\\n0,0,0,0,0.0,0,0
30_2_0_027_2_2,트레갈 카드점4_선택지2_파생2,트레갈,점쟁이,0,당신은 사람을 볼 때 외모를 보시는군요..,<확인>,\\n0,0,0,0,0.0,0,0
30_2_0_028_0_0,트레갈 카드점5,트레갈,점쟁이,0,안녕하시지요#\\n저는 점쟁이..\\n당신이 올 것을 알고 있었지요..,점쟁이?,30_2_0_028_1_0,(무시한다),\\n0,0,0.0,0,0
30_2_0_028_1_0,트레갈 카드점5_선택지1,트레갈,점쟁이,0,그렇지요..\\n앗# 무언가 당신을 스쳐갔군요?\\n그것이 무엇일지 생각해 보시지요..,(생각해봤다),30_2_0_028_1_1\\n32_4_003,(무시한다),32_4_004\\n0,0,0.0,0,0
30_2_0_028_1_1,트레갈 카드점5_선택지1_파생1,트레갈,점쟁이,0,당신이 생각한 그것은..\\n당신의 전생이지요..\\n당신의 전생을 위해 이것을 드리지요.,<확인>,32_2_005\\n0,0,0,0,0.0,0,0
30_2_0_029_0_0,게으른 투티스1,투티스,살아있다,0,......,왜 누워있어?,30_2_0_029_1_0,(무시한다),\\n0,0,0.0,0,0
30_2_0_029_1_0,게으른 투티스1_선택지1,투티스,살아있다,0,아# 그냥.,힘든일있어?,30_2_0_029_1_1\\n32_4_005,왜?,30_2_0_029_1_2\\n32_4_006,0,0.0,0,0
30_2_0_029_1_1,게으른 투티스1_선택지1_파생1,투티스,살아있다,0,아니# 없어.\\n아무것도 하고 싶지 않아.\\n좀 조용히 누워있게 가.,왜?,30_2_0_029_1_3\\n32_4_006,0,0,0,0.0,0,0
30_2_0_029_1_2,게으른 투티스1_선택지1_파생2,투티스,살아있다,0,모두가 잠들었는데..\\n왜 나만 잠들지 않았지?\\n나 혼자 미쳐버리지도 않았어.\\n그래서 더 미칠 것 같지.\\n이만 가..,<확인>,32_1_023\\n0,0,0,0,0.0,0,0
30_2_0_030_0_0,게으른 투티스2,투티스,살아있다,0,....\\n야,응?,30_2_0_030_1_0,(무시한다),\\n0,0,0.0,0,0
30_2_0_030_1_0,게으른 투티스2_선택지1,투티스,살아있다,0,넌 드림스토커를 없앨거냐?,응,30_2_0_030_1_1,잘 모르겠어,30_2_0_030_1_2,0,0.0,0,0
30_2_0_030_1_1,게으른 투티스2_선택지1_파생1,투티스,살아있다,0,그래# 제대로 해서 이 행성을 원래대로 돌려놔.\\n이건 너 써.,<확인>,32_1_023\\n0,0,0,0,0.0,0,0
30_2_0_030_1_2,게으른 투티스2_선택지1_파생2,투티스,살아있다,0,그래# 어차피 망한 것 같다.\\n이건 너 가져.,<확인>,32_1_023\\n0,0,0,0,0.0,0,0
30_2_0_030_2_0,게으른 투티스2_선택지2,투티스,살아있다,0,어차피 귀찮았어.,<확인>,\\n0,0,0,0,0.0,0,0
30_2_0_031_0_0,게으른 투티스3,투티스,심심하다,0,야# 그거 알아?,뭔데?,30_2_0_031_1_0,(무시한다),\\n0,0,0.0,0,0
30_2_0_031_1_0,게으른 투티스3_선택지1,투티스,심심하다,0,안드레아스는 왕이었어.\\n근데 행성이 망했네?\\n뭐든 어찌 될지 모르는 게 삶이야.\\n그래도 안드레아스는 행성을 되돌리려고 하고 있지..,너는?,30_2_0_031_1_1,행성이 어땠는데?,30_2_0_031_1_2,0,0.0,0,0
30_2_0_031_1_1,게으른 투티스3_선택지1_파생1,투티스,심심하다,0,난 그냥 평범했어.\\n근데 왜 잠들지 않았는지..\\n잠들지 않는다면 모두가 미쳐버리던데#\\n나는 그대로야.\\n졸리다 이거 받고 가라.,<확인>,32_1_023\\n0,0,0,0,0.0,0,0
30_2_0_031_1_2,게으른 투티스3_선택지1_파생2,투티스,심심하다,0,평화로웠지.\\n슬라임들이 뛰어다니고..\\n...졸려.\\n이거 받고 가라.,<확인>,32_1_023\\n0,0,0,0,0.0,0,0
30_2_0_032_0_0,게으른 투티스4,투티스,심심하다,0,야# 심심한데 나랑 내기하자.,그래,30_2_0_032_1_0\\n32_4_007,(무시한다),30_2_0_032_2_0,0,0.0,0,0
30_2_0_032_1_0,게으른 투티스4_선택지1,투티스,심심하다,0,오른손 왼손?,오른손,30_2_0_032_1_1,왼손,30_2_0_032_1_2,0,0.0,0,0
30_2_0_032_1_1,게으른 투티스4_선택지1_파생1,투티스,심심하다,0,가져.,<확인>,32_1_035\\n0,0,0,0,0.0,0,0
30_2_0_032_1_2,게으른 투티스4_선택지1_파생2,투티스,심심하다,0,가져.,<확인>,32_1_036\\n0,0,0,0,0.0,0,0
30_2_0_032_2_0,게으른 투티스4_선택지2,투티스,심심하다,0,재미없네.,<확인>,\\n0,0,0,0,0.0,0,0
30_2_0_033_0_0,게으른 투티스5,투티스,심심하다,0,심심해,같이 돌아다닐래?,30_2_0_033_1_0,잠이라도 자,30_2_0_033_2_0,0,0.0,0,0
30_2_0_033_1_0,게으른 투티스5_선택지1,투티스,심심하다,0,굳이?,심심하다며..,30_2_0_033_1_1,(무시한다),32_4_004\\n0,T,49.9,(한대 때려준다),30_2_0_033_1_3
30_2_0_033_1_1,게으른 투티스5_선택지1_파생1,투티스,심심하다,0,그렇지.\\n내기할래?\\n왼손 오른손?,왼손,30_2_0_033_1_2,오른손,30_2_0_033_1_4,0,0.0,0,0
30_2_0_033_1_2,게으른 투티스5_선택지1_파생2,투티스,심심하다,0,가져.,<확인>,32_1_035\\n0,0,0,0,0.0,0,0
30_2_0_033_1_3,게으른 투티스5_선택지1_파생3,투티스,화났다,0,다음부턴 그러지 마.\\n이건 경고야.,<확인>,32_3_002\\n0,0,0,0,0.0,0,0
30_2_0_033_1_4,게으른 투티스5_선택지1_파생4,투티스,심심하다,0,가져.,<확인>,32_1_036\\n0,0,0,0,0.0,0,0
30_2_0_033_2_0,게으른 투티스5_선택지2,투티스,잔다,0,zzZZ..,<확인>,\\n0,0,0,0,0.0,0,0
30_2_0_074_0,덴트_거부할 수 없는 제안,덴트,동전을 매만지는,0,탐험자# 그대에게 거부할 수 없는 제안을 하나 하지.\\n자네의 생명과 돈을 바꾸어주겠네.,<생명과 돈을 교환한다>,30_2_0_074_1\\n32_2_029,<무시한다>,30_2_0_074_2,0,0.0,0,0
30_2_0_074_1,덴트_거부할 수 없는 제안_1,덴트,동전을 매만지는,0,희생으로 얻는 것은 그렇지 않은 것보다 더 가치있는 법이지.\\n다시 한 번 교환하겠나?,<교환한다>,30_2_0_074_1\\n32_2_029,<그만둔다>,30_2_0_074_2,0,0.0,0,0
30_2_0_074_2,덴트_거부할 수 없는 제안_2,덴트,동전을 매만지는,0,희생없이는 아무 것도 얻을 수 없는 법…\\n그대의 여정에 큰 고난이 있기를.,<확인>,\\n0,0,0,0,0.0,0,0
